"","month","avg.flow"
"1",3,9485.61290322581
"2",4,10819.3333333333
"3",5,10512.5806451613
"4",6,8854.2
