"","month","avg.flow"
"1",3,4198.54838709677
"2",4,8075.91666666667
"3",5,5971.53225806452
"4",6,3544.25
